T,sv1,sv2,sv3,sv4,sv5,sv6,sv7,sv8,sv9,sv10,sv11,sv12,sv13,sv14,sv15,doo1,doo2,doo3,doo4,doo5,doo6,doo7,doo8,doo9,doo10,doo11,doo12,doo13,doo14,doo15
1606719264,31.5146,31.5117,31.3555,31.3532,3.16228,3.16228,3.16228,3.16228,3.16228,3.16228,3.16228,0.424417,0.386099,0.0392932,0.00276542,0.100343,0.100343,0.100343,0.100343,0.100343,0.100343,0.99991,1,0.0134673,0.994878,0.994954,0.0122514,0.00124683,8.77505e-05,0.100343
1606719274,31.5423,31.5354,31.3535,31.3462,3.16228,3.16228,3.16228,3.16228,3.16228,3.16228,3.16228,0.660914,0.3861,0.0582081,0.00267385,0.100255,0.100255,0.100255,0.100255,0.100255,0.100255,0.999782,1,0.0209533,0.994015,0.993785,0.0122407,0.0018454,8.47703e-05,0.100255
1606719284,31.5423,31.5354,31.3834,31.3782,3.16228,3.16228,3.16228,3.16228,3.16228,3.16228,3.16228,0.660914,0.572636,0.0582081,0.00267385,0.100255,0.100255,0.100255,0.100255,0.100255,0.100255,0.999782,1,0.0209533,0.994798,0.994963,0.0181545,0.0018454,8.47703e-05,0.100255
1606719294,31.5423,31.5354,31.3834,31.3782,3.16228,3.16228,3.16228,3.16228,3.16228,3.16228,3.16228,0.660914,0.572636,0.0582081,0.00267385,0.100255,0.100255,0.100255,0.100255,0.100255,0.100255,0.999782,1,0.0209533,0.994798,0.994963,0.0181545,0.0018454,8.47703e-05,0.100255
1606719304,31.5423,31.5354,31.3834,31.3782,3.16228,3.16228,3.16228,3.16228,3.16228,3.16228,3.16228,0.660914,0.572636,0.0582081,0.00267385,0.100255,0.100255,0.100255,0.100255,0.100255,0.100255,0.999782,1,0.0209533,0.994798,0.994963,0.0181545,0.0018454,8.47703e-05,0.100255
1606719314,31.5423,31.5354,31.3834,31.3782,3.16228,3.16228,3.16228,3.16228,3.16228,3.16228,3.16228,0.660914,0.572636,0.0582081,0.00267385,0.100255,0.100255,0.100255,0.100255,0.100255,0.100255,0.999782,1,0.0209533,0.994798,0.994963,0.0181545,0.0018454,8.47703e-05,0.100255