T,sv1,sv2,sv3,sv4,sv5,sv6,sv7,sv8,sv9,sv10,sv11,sv12,sv13,sv14,sv15,doo1,doo2,doo3,doo4,doo5,doo6,doo7,doo8,doo9,doo10,doo11,doo12,doo13,doo14,doo15
1606719282,31.4783,31.4733,31.3193,31.3145,3.16228,3.16228,3.16228,3.16228,3.16228,3.16228,3.16228,0.583301,0.546383,0.055191,0.00284973,0.100459,0.100459,0.100459,0.100459,0.100459,0.100459,0.999844,1,0.0185303,0.99495,0.994798,0.0173575,9.05301e-05,0.00175331,0.100459
1606719292,31.5631,31.4807,31.4073,31.0858,3.16229,3.16228,3.16228,3.16228,3.16228,3.16228,3.16228,2.16829,1.35234,0.210752,0.125008,0.100189,0.100189,0.100189,0.100189,0.100189,0.100189,0.995065,0.997391,0.068697,1,0.98488,0.0428456,0.00667716,0.00396058,0.10019
1606719302,31.4807,31.4073,31.3226,31.2544,3.16229,3.16228,3.16228,3.16228,3.16228,3.16228,3.16228,2.16829,2.06582,0.210752,0.125008,0.100451,0.100451,0.100451,0.100451,0.100451,0.100451,0.997668,1,0.0688767,0.994979,0.992812,0.0656218,0.00669463,0.00397094,0.100452
1606719312,31.4807,31.4073,31.3226,31.2544,3.16229,3.16228,3.16228,3.16228,3.16228,3.16228,3.16228,2.16829,2.06582,0.210752,0.125008,0.100451,0.100451,0.100451,0.100451,0.100451,0.100451,0.997668,1,0.0688767,0.994979,0.992812,0.0656218,0.00669463,0.00397094,0.100452
1606719322,31.4807,31.4073,31.3226,31.2544,3.16229,3.16228,3.16228,3.16228,3.16228,3.16228,3.16228,2.16829,2.06582,0.210752,0.125008,0.100451,0.100451,0.100451,0.100451,0.100451,0.100451,0.997668,1,0.0688767,0.994979,0.992812,0.0656218,0.00669463,0.00397094,0.100452
1606719332,31.4807,31.4073,31.3226,31.2544,3.16229,3.16228,3.16228,3.16228,3.16228,3.16228,3.16228,2.16829,2.06582,0.210752,0.125008,0.100451,0.100451,0.100451,0.100451,0.100451,0.100451,0.997668,1,0.0688767,0.994979,0.992812,0.0656218,0.00669463,0.00397094,0.100452