{"acc": {"measurement_noise_stddev": 0.0008342644761930524, "bias_random_walk_stddev": 5.492112234848549e-06}, "gyro": {"measurement_noise_stddev": 0.0002191485497252548, "bias_random_walk_stddev": 1.641744931348418e-06}}