{"gyro": {"scale": [0.9800000000005633, 0.010000000000006372, 0.010000000000006372, 0.010000000000006372, 0.9800000000005633, 0.010000000000006372, 0.010000000000006335, 0.010000000000006335, 0.9800000000005629], "bias": {"y": 35.999190865185, "x": 35.999191688978335, "z": 35.99919133405848}}, "accel": {"scale": [0.9799819461410996, 0.010047461110398816, 0.009984191830897653, 0.009977156828170783, 0.9800259518431811, 0.01000296456079354, 0.010012747999468984, 0.009987419781579505, 0.9799096381621593], "bias": {"y": 0.010223612745685324, "x": 0.009905181064088775, "z": 0.00911721259110409}}}