T,sv1,sv2,sv3,sv4,sv5,sv6,sv7,sv8,sv9,sv10,sv11,sv12,sv13,sv14,sv15,doo1,doo2,doo3,doo4,doo5,doo6,doo7,doo8,doo9,doo10,doo11,doo12,doo13,doo14,doo15
1606719225,31.1331,31.1331,30.972,30.972,3.16228,3.16228,3.16228,3.16228,3.16228,3.16228,3.16228,0.00193144,0.00110521,0.000637945,0.000156481,0.101573,0.101573,0.101573,0.101573,0.101573,0.101573,1,1,3.54995e-05,0.994828,0.994828,6.20382e-05,5.02619e-06,2.04909e-05,0.101573
1606719235,31.1331,31.1331,30.9731,30.971,3.16228,3.16228,3.16228,3.16228,3.16228,3.16228,3.16228,0.00193144,0.000963418,0.000614309,0.000180459,0.101573,0.101573,0.101573,0.101573,0.101573,0.101573,1,1,5.79639e-06,0.994862,0.994794,6.20382e-05,0,1.97317e-05,0.101573
1606719245,31.1331,31.1331,30.972,30.972,3.16228,3.16228,3.16228,3.16228,3.16228,3.16228,3.16228,0.00193145,0.000963418,0.000614309,0.000180459,0.101573,0.101573,0.101573,0.101573,0.101573,0.101573,1,1,5.79639e-06,0.994828,0.994828,6.20384e-05,0,1.97317e-05,0.101573
1606719255,31.1331,31.1331,30.972,30.972,3.16228,3.16228,3.16228,3.16228,3.16228,3.16228,3.16228,0.00193145,0.000963418,0.000614309,0.000180459,0.101573,0.101573,0.101573,0.101573,0.101573,0.101573,1,1,5.79639e-06,0.994828,0.994828,6.20384e-05,0,1.97317e-05,0.101573
1606719265,31.1331,31.1331,30.972,30.972,3.16228,3.16228,3.16228,3.16228,3.16228,3.16228,3.16228,0.00193145,0.000963418,0.000614309,0.000180459,0.101573,0.101573,0.101573,0.101573,0.101573,0.101573,1,1,5.79639e-06,0.994828,0.994828,6.20384e-05,0,1.97317e-05,0.101573
1606719275,31.1331,31.1331,30.972,30.972,3.16228,3.16228,3.16228,3.16228,3.16228,3.16228,3.16228,0.00193145,0.000963418,0.000614309,0.000180459,0.101573,0.101573,0.101573,0.101573,0.101573,0.101573,1,1,5.79639e-06,0.994828,0.994828,6.20384e-05,0,1.97317e-05,0.101573